{
	"id": "01",
	"title": "Uncommon Health Potion",
	"type": "object",
	"properties": {
			"name": {
					"type": "string",
					"description": "Green Healthy Potion"
			},
			"description": {
					"type": "string",
					"description": "Restore +5 Health Point"
			},
			"image": {
					"type": "string",
					"description": "https://gateway.pinata.cloud/ipfs/QmUkmSxP1GQUq6oC1xpKmrDia3YRPVzX1nYooJq7A9ZASV/POTION.png"
			},
			"properties": {
					"type": "object",
					"description": "+5 health"
			}
	}
}