{
	"id": "02",
	"title": "Uncommon Hunger Potion",
	"type": "object",
	"properties": {
			"name": {
					"type": "string",
					"description": "Green hunger Potion"
			},
			"description": {
					"type": "string",
					"description": "Restore +5 hunger Point"
			},
			"image": {
					"type": "string",
					"description": "https://gateway.pinata.cloud/ipfs/QmYLhVWeQPe1hFAJMAp6Qr8CHKFYTET13ZD9QvFNaaiYBd/HungerPotion.png"
			},
			"properties": {
					"type": "object",
					"description": "+5 hunger"
			}
	}
}