{
	"id": "03",
	"title": "Player Character",
	"type": "object",
	"properties": {
			"name": {
					"type": "string",
					"description": "Bob"
			},
			"description": {
					"type": "string",
					"description": "new born Pyraniha"
			},
			"image": {
					"type": "string",
					"description": "https://gateway.pinata.cloud/ipfs/QmbpQpigUuqHjQGuhSAnhVMK37SRgheMNQgDB6GfwtmMH2/11.png"
			},
			"properties": {
					"type": "object",
					"description": "hunger",
					"value": "100"
			}
	}
}