[
  {
    "id": "01",
    "title": "Uncommon Health Potion",
    "type": "object",
    "properties": {
        "name": {
            "type": "string",
            "description": "Green Healthy Potion"
        },
        "description": {
            "type": "string",
            "description": "Restore +5 Health Point"
        },
        "image": {
            "type": "string",
            "description": "https://gateway.pinata.cloud/ipfs/QmYLhVWeQPe1hFAJMAp6Qr8CHKFYTET13ZD9QvFNaaiYBd/POTION.png"
        },
        "properties": {
            "type": "object",
            "description": "+5 health"
        }
    }
  },
  {
    "id": "02",
    "title": "Uncommon Hunger Potion",
    "type": "object",
    "properties": {
        "name": {
            "type": "string",
            "description": "Green hunger Potion"
        },
        "description": {
            "type": "string",
            "description": "Restore +5 hunger Point"
        },
        "image": {
            "type": "string",
            "description": "https://gateway.pinata.cloud/ipfs/QmYLhVWeQPe1hFAJMAp6Qr8CHKFYTET13ZD9QvFNaaiYBd/HungerPotion.png"
        },
        "properties": {
            "type": "object",
            "description": "+5 hunger"
        }
    }
  },
  {
    "id": "03",
    "title": "Player Character",
    "type": "object",
    "properties": {
        "name": {
            "type": "string",
            "description": "Bob"
        },
        "description": {
            "type": "string",
            "description": "new born Pyraniha"
        },
        "image": {
            "type": "string",
            "description": "https://gateway.pinata.cloud/ipfs/QmbpQpigUuqHjQGuhSAnhVMK37SRgheMNQgDB6GfwtmMH2/11.png"
        },
        "properties": {
            "type": "object",
            "description": "hunger",
            "value": "100"
        }
    }
  }
]